<?xml version="1.0" encoding="UTF-8"?>
<project-private xmlns="http://www.netbeans.org/ns/project-private/1">
    <editor-bookmarks xmlns="http://www.netbeans.org/ns/editor-bookmarks/2" lastBookmarkId="0"/>
    <open-files xmlns="http://www.netbeans.org/ns/projectui-open-files/2">
        <group>
            <file>file:/C:/Users/Theoprax/Desktop/TabuleiroFXML-master/TabuleiroFXML/src/Tabuleiro/Tridente.java</file>
            <file>file:/C:/Users/Theoprax/Desktop/TabuleiroFXML-master/TabuleiroFXML/src/Tabuleiro/Bolsonaro.java</file>
            <file>file:/C:/Users/Theoprax/Desktop/TabuleiroFXML-master/TabuleiroFXML/src/tabuleirofxml/TabuleiroFXML.java</file>
            <file>file:/C:/Users/Theoprax/Desktop/TabuleiroFXML-master/TabuleiroFXML/src/Tabuleiro/Tabuleiro.java</file>
            <file>file:/C:/Users/Theoprax/Desktop/TabuleiroFXML-master/TabuleiroFXML/src/Tabuleiro/JogoTabuleiro.java</file>
            <file>file:/C:/Users/Theoprax/Desktop/TabuleiroFXML-master/TabuleiroFXML/src/tabuleirofxml/TelaInicialController.java</file>
            <file>file:/C:/Users/Theoprax/Desktop/TabuleiroFXML-master/TabuleiroFXML/src/tabuleirofxml/TabuleiroJanelaController.java</file>
        </group>
    </open-files>
</project-private>
